City_ID,City,Country,Lat,Lng,Max Temp,Humidity,Cloudiness,Wind Speed,Current Description
0,Castro,BR,-24.7911,-50.0119,78.42,54,94,8.25,overcast clouds
1,Hilo,US,19.7297,-155.09,78.53,74,20,8.05,few clouds
2,Barrow,US,71.2906,-156.7887,21.22,68,100,16.11,overcast clouds
3,Georgetown,MY,5.4112,100.3354,80.24,90,40,1.14,scattered clouds
4,Esperance,AU,-33.8667,121.9,55.71,67,100,7.78,overcast clouds
5,Klaksvik,FO,62.2266,-6.589,50.92,94,59,13.56,broken clouds
6,Chokurdakh,RU,70.6333,147.9167,-31.23,100,90,5.12,overcast clouds
7,Grand Gaube,MU,-20.0064,57.6608,72.37,69,0,3.0,clear sky
8,Weinan,CN,34.5036,109.5089,47.75,50,20,3.09,few clouds
9,Cayenne,GF,4.9333,-52.3333,82.44,78,75,10.36,broken clouds
10,Port Elizabeth,ZA,-33.918,25.5701,61.11,86,5,9.24,clear sky
11,Qaanaaq,GL,77.484,-69.3632,2.26,97,100,3.89,overcast clouds
12,Atuona,PF,-9.8,-139.0333,77.67,79,3,20.09,clear sky
13,Westport,US,41.1415,-73.3579,53.89,60,40,12.66,scattered clouds
14,Albany,US,42.6001,-73.9662,47.39,68,98,5.99,overcast clouds
15,Amla,IN,21.9333,78.1167,60.46,51,0,4.7,clear sky
16,Vardo,NO,70.3705,31.1107,30.18,80,0,12.66,clear sky
17,Ushuaia,AR,-54.8,-68.3,58.66,44,20,14.97,few clouds
18,Taltal,CL,-25.4,-70.4833,67.44,56,22,5.97,few clouds
19,Blagoyevo,RU,63.3667,47.9167,21.99,83,100,13.4,overcast clouds
20,Severodvinsk,RU,64.5635,39.8302,30.31,75,37,18.77,scattered clouds
21,Kodiak,US,57.79,-152.4072,36.91,87,100,17.27,light rain
22,Gigmoto,PH,13.7796,124.39,80.37,86,100,10.2,overcast clouds
23,Mataura,NZ,-46.1927,168.8643,46.76,94,53,4.09,broken clouds
24,Dikson,RU,73.5069,80.5464,-5.66,100,100,8.43,overcast clouds
25,Avarua,CK,-21.2078,-159.775,75.25,60,40,9.22,scattered clouds
26,Vaini,TO,-21.2,-175.2,75.13,90,100,22.17,moderate rain
27,Busselton,AU,-33.65,115.3333,48.04,82,0,9.51,clear sky
28,Sola,VU,-13.8833,167.55,80.13,75,3,2.39,clear sky
29,Mar Del Plata,AR,-38.0023,-57.5575,66.94,93,75,12.66,light rain
30,Sao Gabriel Da Cachoeira,BR,-0.1303,-67.0892,82.02,87,100,1.5,overcast clouds
31,Rikitea,PF,-23.1203,-134.9692,74.73,88,95,16.71,overcast clouds
32,Kiama,AU,-34.6833,150.8667,67.37,92,100,1.99,overcast clouds
33,Port Alfred,ZA,-33.5906,26.891,60.19,82,5,1.99,clear sky
34,Punta Arenas,CL,-53.15,-70.9167,64.51,34,0,14.97,clear sky
35,San Isidro,PE,-12.1167,-77.05,70.02,73,100,6.91,overcast clouds
36,Lorengau,PG,-2.0226,147.2712,80.22,83,100,7.4,overcast clouds
37,Sembakung,ID,3.8167,117.25,73.72,99,78,2.37,moderate rain
38,Flinders,AU,-34.5833,150.8552,67.17,91,100,1.99,overcast clouds
39,Pisco,PE,-13.7,-76.2167,68.05,73,75,8.05,haze
40,Bengkulu,ID,-3.8004,102.2655,73.92,95,100,3.44,light rain
41,Bethel,US,41.3712,-73.414,52.54,62,100,13.8,overcast clouds
42,Mbandaka,CD,0.0487,18.2603,71.2,98,100,2.04,overcast clouds
43,Longyearbyen,SJ,78.2186,15.6401,26.44,80,75,10.36,broken clouds
44,Severo-Kurilsk,RU,50.6789,156.125,31.51,87,100,17.9,light snow
45,Bluff,NZ,-46.6,168.3333,47.41,83,10,8.19,clear sky
46,Port Hueneme,US,34.1478,-119.1951,68.45,45,0,11.5,clear sky
47,Kastrakion,GR,39.7156,21.6181,53.28,95,94,0.89,overcast clouds
48,Hermanus,ZA,-34.4187,19.2345,57.79,85,0,0.92,clear sky
49,Qianjiang,CN,30.4151,112.8859,47.23,67,51,7.4,broken clouds
50,Nikolskoye,RU,59.7035,30.7861,40.91,77,100,6.53,overcast clouds
51,Mana,GF,5.6592,-53.7767,81.37,78,38,11.39,scattered clouds
52,Khatanga,RU,71.9667,102.5,-25.26,99,99,6.62,overcast clouds
53,Saint-Pierre,RE,-21.3393,55.4781,71.91,94,100,12.66,overcast clouds
54,Tual,ID,-5.6667,132.75,83.73,75,79,10.29,broken clouds
55,Hornepayne,CA,49.2138,-84.7705,24.96,83,100,10.56,overcast clouds
56,Simao,CN,22.7886,100.9748,55.78,73,0,1.66,clear sky
57,San Cristobal,VE,7.7669,-72.225,77.18,87,100,0.29,overcast clouds
58,Prainha,BR,-1.8,-53.48,91.49,45,80,4.09,broken clouds
59,Uchiza,PE,-8.4592,-76.4633,87.48,61,87,2.33,overcast clouds
60,Portland,US,45.5234,-122.6762,44.87,83,100,4.61,mist
61,Fort Nelson,CA,58.8053,-122.7002,22.59,74,20,2.3,few clouds
62,Caravelas,BR,-17.7125,-39.2481,81.57,67,13,10.78,few clouds
63,Emerald,AU,-23.5333,148.1667,69.35,77,94,11.86,overcast clouds
64,Kapaa,US,22.0752,-159.319,80.58,78,40,19.57,scattered clouds
65,Havre-Saint-Pierre,CA,50.2334,-63.5986,26.96,80,100,10.36,light snow
66,Labuhan,ID,-6.8844,112.2051,79.63,86,80,4.81,light rain
67,Nome,US,64.5011,-165.4064,21.27,63,0,9.22,clear sky
68,Cabo San Lucas,MX,22.8909,-109.9124,80.62,65,40,11.5,scattered clouds
69,San Quintin,MX,30.4833,-115.95,62.83,61,0,17.56,clear sky
70,Soyo,AO,-6.1349,12.3689,77.79,74,6,12.71,clear sky
71,Saint-Leu,RE,-21.15,55.2833,71.31,83,23,10.25,few clouds
72,Katsuura,JP,35.1333,140.3,64.42,67,3,15.82,clear sky
73,Padang,ID,-0.9492,100.3543,75.02,95,100,0.54,light rain
74,Liwale,TZ,-9.7667,37.9333,73.42,55,0,6.35,clear sky
75,Hobyo,SO,5.3505,48.5268,80.89,73,1,15.32,clear sky
76,Humberto De Campos,BR,-2.5983,-43.4611,86.67,60,10,10.92,clear sky
77,Hithadhoo,MV,-0.6,73.0833,81.61,76,100,11.95,overcast clouds
78,Rocha,UY,-34.4833,-54.3333,70.77,83,100,12.15,moderate rain
79,Kaitangata,NZ,-46.2817,169.8464,50.05,81,89,9.13,overcast clouds
80,Tigil,RU,57.8,158.6667,-3.71,100,62,4.83,broken clouds
81,Arraial Do Cabo,BR,-22.9661,-42.0278,80.56,69,20,10.36,few clouds
82,Bambui,BR,-20.0064,-45.9769,81.72,49,96,5.53,overcast clouds
83,Kudahuvadhoo,MV,2.6708,72.8944,80.46,78,100,12.48,heavy intensity rain
84,Ibra,OM,22.6906,58.5334,72.1,47,1,1.59,clear sky
85,Ilhabela,BR,-23.7781,-45.3581,75.06,82,31,6.24,scattered clouds
86,New Norfolk,AU,-42.7826,147.0587,53.1,90,100,0.49,light rain
87,Yellowknife,CA,62.456,-114.3525,27.12,93,20,5.75,few clouds
88,Victoria,HK,22.2855,114.1577,75.38,82,7,11.01,clear sky
89,Gorom-Gorom,BF,14.4439,-0.2361,87.87,17,23,8.81,few clouds
90,Thompson,CA,55.7435,-97.8558,14.16,79,75,3.44,broken clouds
91,Porto Santo,PT,33.072,-16.3415,70.18,73,20,6.91,few clouds
92,Puerto Ayora,EC,-0.7393,-90.3518,76.96,81,31,7.0,scattered clouds
93,Jamestown,US,42.097,-79.2353,35.71,76,100,11.01,snow
94,Kautokeino,NO,69.0125,23.0412,29.43,95,100,3.87,overcast clouds
95,Ghanzi,BW,-21.5667,21.7833,80.82,27,0,6.15,clear sky
96,Ostrovnoy,RU,68.0531,39.5131,34.97,67,100,17.74,light snow
97,Savanur,IN,14.9667,75.35,70.07,90,63,9.46,broken clouds
98,Tuktoyaktuk,CA,69.4541,-133.0374,15.8,86,100,9.22,mist
99,Butaritari,KI,3.0707,172.7902,79.66,74,100,13.58,overcast clouds
100,Upernavik,GL,72.7868,-56.1549,22.75,68,100,4.34,overcast clouds
101,Bonthe,SL,7.5264,-12.505,79.47,80,99,4.92,overcast clouds
102,Saskylakh,RU,71.9167,114.0833,-6.56,95,100,11.01,overcast clouds
103,Usinsk,RU,65.9939,57.5281,9.72,95,100,9.37,light snow
104,Boende,CD,-0.2167,20.8667,67.62,98,89,1.34,overcast clouds
105,Hokitika,NZ,-42.7167,170.9667,57.65,72,0,3.02,clear sky
106,Ust-Kut,RU,56.7938,105.7672,25.41,96,100,4.63,light snow
107,Mayya,RU,61.7333,130.2811,-22.68,100,100,1.45,overcast clouds
108,Cape Town,ZA,-33.9258,18.4232,66.09,62,0,11.5,clear sky
109,Komsomolskiy,UZ,40.4272,71.7189,41.72,81,76,4.61,mist
110,Kavaratti,IN,10.5669,72.642,80.11,77,96,1.97,overcast clouds
111,Mopipi,BW,-21.1833,24.8833,82.38,47,100,2.53,overcast clouds
112,Airai,TL,-8.9266,125.4092,61.75,91,100,1.28,overcast clouds
113,Kavieng,PG,-2.5744,150.7967,82.98,73,100,14.9,overcast clouds
114,Dosso,NE,13.049,3.1937,83.89,19,6,9.06,clear sky
115,Morales,CO,2.757,-76.6172,68.47,81,99,4.32,overcast clouds
116,Saint-Philippe,RE,-21.3585,55.7679,71.19,87,93,14.2,light rain
117,Gasa,PS,31.5,34.4667,73.29,62,0,12.53,clear sky
118,East London,ZA,-33.0153,27.9116,64.83,74,6,13.38,clear sky
119,Sabang,ID,5.8933,95.3214,77.29,86,100,8.3,light rain
120,Kruisfontein,ZA,-34.0033,24.7314,58.89,88,0,5.35,clear sky
121,Chuy,UY,-33.6971,-53.4616,72.61,78,100,11.7,light rain
122,Shingu,JP,33.7333,135.9833,55.45,85,3,6.98,clear sky
123,Puerto Baquerizo Moreno,EC,-0.9,-89.6,74.39,78,100,9.22,overcast clouds
124,Oriximina,BR,-1.7656,-55.8661,94.71,40,83,6.33,broken clouds
125,Shiyan,CN,32.6475,110.7781,46.09,89,100,3.0,overcast clouds
126,Hobart,AU,-42.8794,147.3294,53.46,97,75,2.3,light rain
127,Bredasdorp,ZA,-34.5322,20.0403,59.99,79,0,3.04,clear sky
128,Moranbah,AU,-22.0016,148.0466,70.27,66,98,2.3,overcast clouds
129,Krasnoyarskiy,RU,51.965,59.8967,35.89,98,100,18.57,light rain
130,Tiksi,RU,71.6872,128.8694,-12.24,96,100,4.83,overcast clouds
131,Kolokani,ML,13.5728,-8.0339,83.12,23,100,3.96,overcast clouds
132,Vila Velha,BR,-20.3297,-40.2925,82.35,82,20,20.71,few clouds
133,Torrington,US,41.8007,-73.1212,50.65,64,99,13.0,overcast clouds
134,Chipinge,ZW,-20.1883,32.6236,66.63,88,100,3.67,light rain
135,Keetmanshoop,NA,-26.5833,18.1333,73.04,12,0,8.12,clear sky
136,Medina Del Campo,ES,41.3124,-4.9141,57.7,62,41,8.43,scattered clouds
137,Pevek,RU,69.7008,170.3133,-17.5,97,79,5.84,broken clouds
138,Provideniya,RU,64.3833,-173.3,12.83,62,3,5.17,clear sky
139,Banepa,NP,27.6298,85.5214,52.12,87,20,3.44,few clouds
140,Yulara,AU,-25.2406,130.9889,61.75,53,0,16.17,clear sky
141,Ahipara,NZ,-35.1667,173.1667,60.01,83,6,7.34,clear sky
142,Inta,RU,66.0317,60.1659,14.95,96,100,3.58,light snow
143,Constitucion,CL,-35.3333,-72.4167,62.22,64,10,7.99,clear sky
144,Inverbervie,GB,56.8446,-2.28,52.43,93,46,7.14,scattered clouds
145,Opuwo,NA,-18.0607,13.84,71.11,20,3,7.76,clear sky
146,Katsina,NG,12.9894,7.6006,78.76,17,84,9.98,broken clouds
147,Bardiyah,LY,31.7561,25.0865,65.28,60,0,7.23,clear sky
148,Nanortalik,GL,60.1432,-45.2371,39.22,67,100,20.78,overcast clouds
149,Nemuro,JP,43.3236,145.575,42.48,74,50,40.26,scattered clouds
150,Mount Gambier,AU,-37.8333,140.7667,57.11,94,100,17.27,overcast clouds
151,Gat,IL,31.61,34.7642,73.4,57,0,3.24,clear sky
152,Quzhou,CN,28.9594,118.8686,58.24,79,87,7.63,overcast clouds
153,Mayo,US,38.8876,-76.5119,51.24,49,0,17.27,clear sky
154,Jalu,LY,29.0331,21.5482,66.76,39,56,7.2,broken clouds
155,Pyay,MM,18.8167,95.2167,70.27,80,46,5.82,scattered clouds
156,Laguna,US,38.421,-121.4238,59.14,49,0,14.97,clear sky
157,Itapirapua,BR,-15.8233,-50.6133,94.55,31,100,5.99,overcast clouds
158,Hollola,FI,61.05,25.4333,36.39,93,20,2.21,few clouds
159,Bartlesville,US,36.7473,-95.9808,46.94,48,0,4.61,clear sky
160,Te Anau,NZ,-45.4167,167.7167,49.55,88,50,1.25,scattered clouds
161,Thap Than,TH,15.4606,99.8917,74.79,84,98,5.23,light rain
162,Campina Verde,BR,-19.5356,-49.4864,91.92,32,99,7.47,overcast clouds
163,Male,MV,4.1748,73.5089,80.55,89,75,11.5,broken clouds
164,Suntar,RU,62.1444,117.6319,-26.59,99,7,2.04,clear sky
165,Bonavista,CA,48.6499,-53.1147,35.17,69,100,11.21,overcast clouds
166,Bathsheba,BB,13.2167,-59.5167,84.81,74,20,18.41,few clouds
167,Shakawe,BW,-18.3667,21.85,79.61,48,24,5.75,few clouds
168,Purranque,CL,-40.9167,-73.1667,63.73,92,52,6.87,broken clouds
169,Kamina,CD,-8.7386,24.9906,64.54,96,100,3.76,overcast clouds
170,Fortuna,US,40.5982,-124.1573,52.93,86,0,1.01,clear sky
171,Lavrentiya,RU,65.5833,-171.0,14.16,75,0,6.11,clear sky
172,Morgan City,US,29.6994,-91.2068,60.01,38,0,11.5,clear sky
173,Liepaja,LV,56.5419,21.0367,37.38,100,100,1.14,fog
174,Karratha,AU,-20.7377,116.8463,75.25,46,0,3.47,light rain
175,Jiaojiang,CN,28.6803,121.4428,61.0,81,100,5.93,overcast clouds
176,Sibolga,ID,1.7427,98.7792,74.62,95,100,1.14,moderate rain
177,Saldanha,ZA,-33.0117,17.9442,62.65,84,0,13.06,clear sky
178,Okhotsk,RU,59.3833,143.3,6.6,79,67,9.28,broken clouds
179,Port Keats,AU,-14.25,129.55,80.82,80,100,5.68,overcast clouds
180,Marzuq,YE,14.4,46.4667,66.49,45,0,2.39,clear sky
181,Shemonaikha,KZ,50.6328,81.9056,33.08,78,100,14.97,overcast clouds
182,Durg,IN,21.1833,81.2833,64.87,52,1,2.28,clear sky
183,Porto Tolle,IT,44.9497,12.3245,54.86,76,100,6.71,light rain
184,Richards Bay,ZA,-28.783,32.0377,69.67,83,100,14.9,light rain
185,Atasu,KZ,48.6814,71.6433,29.19,67,100,22.57,overcast clouds
186,Rosoman,MK,41.5161,21.9497,53.26,74,42,1.99,scattered clouds
187,Belur,IN,13.1667,75.8667,64.76,97,71,6.13,broken clouds
188,Yangjiang,CN,21.85,111.9667,71.87,86,5,3.89,clear sky
189,Iranshahr,IR,27.2025,60.6848,71.94,33,0,4.61,clear sky
190,Tuatapere,NZ,-46.1333,167.6833,49.12,94,96,4.0,overcast clouds
191,Placido De Castro,BR,-10.3353,-67.1856,93.83,37,100,3.44,overcast clouds
192,Monastyrshchina,RU,54.3496,31.838,42.28,71,100,13.69,overcast clouds
193,Carnarvon,AU,-24.8667,113.6333,67.46,71,0,18.79,clear sky
194,Springbok,ZA,-29.6643,17.8865,58.84,54,4,5.03,clear sky
195,Griffith,US,41.5284,-87.4237,39.09,48,40,13.8,scattered clouds
196,Pangoa,PE,-12.1167,-73.0,83.26,62,100,4.38,overcast clouds
197,Vengerovo,RU,55.6848,76.7471,33.19,98,100,15.12,light snow
198,Ardakan,IR,32.31,54.0175,55.44,51,0,0.94,clear sky
199,Salym,RU,60.0625,71.4789,21.94,94,94,7.09,overcast clouds
200,Balykshi,KZ,47.0667,51.8667,44.6,76,75,22.37,mist
201,Bahadurganj,IN,26.2667,87.8167,66.04,64,0,3.22,clear sky
202,Daru,PG,-9.0763,143.2092,79.7,81,100,8.81,overcast clouds
203,Buena Vista,US,43.4203,-83.8986,35.78,57,100,14.97,overcast clouds
204,Anchorage,US,61.2181,-149.9003,40.64,75,100,15.01,shower rain
205,Ballina,AU,-28.8667,153.5667,72.01,83,100,14.79,overcast clouds
206,Ancud,CL,-41.8697,-73.8203,55.96,78,45,16.4,scattered clouds
207,Fairbanks,US,64.8378,-147.7164,23.34,86,0,6.91,clear sky
208,Lata,PT,40.1629,-8.3327,61.07,86,100,4.88,light rain
209,Waipawa,NZ,-41.4122,175.5153,53.65,84,67,3.94,broken clouds
210,Zhigansk,RU,66.7697,123.3711,-9.67,97,100,7.61,overcast clouds
211,Hammond,US,41.5834,-87.5,38.12,50,40,8.05,scattered clouds
212,Sao Jose Da Coroa Grande,BR,-8.8978,-35.1478,80.92,72,21,9.1,few clouds
213,Kiunga,PG,-6.1219,141.2906,73.33,99,92,0.43,overcast clouds
214,Avera,US,33.194,-82.5271,57.54,32,7,10.27,clear sky
215,Sitka,US,57.0531,-135.33,49.89,81,100,13.8,light rain
216,Hambantota,LK,6.1241,81.1185,77.05,86,100,3.98,light rain
217,Lebu,CL,-37.6167,-73.65,58.48,81,40,12.84,scattered clouds
218,Tyler,US,32.3513,-95.3011,52.7,42,0,5.75,clear sky
219,Saint-Georges,GD,12.0564,-61.7485,85.68,74,20,20.71,few clouds
220,Hilton Head Island,US,32.2163,-80.7526,62.98,57,40,11.5,scattered clouds
221,Darhan,MN,49.4867,105.9228,21.24,55,26,4.05,scattered clouds
222,Leningradskiy,RU,69.3833,178.4167,-9.18,98,100,3.49,overcast clouds
223,Itapecerica,BR,-20.4725,-45.1256,84.29,42,99,5.84,overcast clouds
224,Solnechnyy,RU,50.7214,136.6319,15.44,86,5,2.91,clear sky
225,Aguada De Pasajeros,CU,22.385,-80.8508,89.02,46,74,3.04,moderate rain
226,Kintampo,GH,8.0563,-1.7306,80.62,61,85,7.25,overcast clouds
227,Miri,MY,4.4148,114.0089,75.34,100,40,3.44,scattered clouds
228,Oyama,JP,36.3,139.8,63.59,51,11,6.33,few clouds
229,Sambava,MG,-14.2667,50.1667,74.95,82,69,7.67,light rain
230,Batticaloa,LK,7.7102,81.6924,77.36,84,100,2.01,overcast clouds
231,Njombe,TZ,-9.3333,34.7667,61.79,63,69,2.08,broken clouds
232,Waddan,LY,29.1614,16.139,67.51,40,30,4.72,scattered clouds
233,Iqaluit,CA,63.7506,-68.5145,24.53,86,100,8.05,light snow
234,Ponta Do Sol,PT,32.6667,-17.1,72.72,85,90,3.71,overcast clouds
235,Ixtapa,MX,20.7,-105.2,81.63,57,40,6.91,scattered clouds
236,Broome,US,42.2506,-75.833,43.63,71,100,8.05,overcast clouds
237,Saint George,US,37.1041,-113.5841,47.79,48,100,4.61,overcast clouds
238,Coihaique,CL,-45.5752,-72.0662,63.21,51,75,6.55,broken clouds
239,Mwinilunga,ZM,-11.7358,24.4293,63.01,95,100,3.69,overcast clouds
240,Santa,PH,17.486,120.4348,76.21,83,7,5.14,clear sky
241,Madawaska,US,47.3561,-68.3288,39.4,89,100,6.91,overcast clouds
242,Nenjiang,CN,49.1833,125.2167,22.12,56,100,5.88,overcast clouds
243,Hasaki,JP,35.7333,140.8333,58.21,61,94,23.4,overcast clouds
244,Santa Maria,BR,-29.6842,-53.8069,69.3,92,100,11.03,light rain
245,Emba,KZ,48.8264,58.1442,41.54,81,100,20.18,light rain
246,Oranjemund,NA,-28.55,16.4333,61.7,81,4,16.67,clear sky
247,Berlevag,NO,70.8578,29.0864,35.6,80,100,13.8,overcast clouds
248,Hami,CN,42.8,93.45,34.05,47,5,4.29,clear sky
249,Abay,KZ,49.6311,72.8539,30.58,67,68,23.26,broken clouds
250,Leh,IN,34.1667,77.5833,25.23,62,94,3.4,overcast clouds
251,Del Pilar,PH,15.0333,120.7,80.37,84,91,4.03,overcast clouds
252,Outjo,NA,-20.1167,16.15,73.53,12,6,12.35,clear sky
253,Sao Joao Da Barra,BR,-21.6403,-41.0511,84.29,85,100,17.72,overcast clouds
254,Tilichiki,RU,60.4667,166.1,18.95,93,100,6.51,overcast clouds
255,Molteno,ZA,-31.3968,26.3625,51.71,81,45,14.88,scattered clouds
256,Urdoma,RU,61.7533,48.5442,21.43,81,100,14.56,overcast clouds
257,Melilla,ES,35.2937,-2.9383,66.58,82,20,3.44,few clouds
258,Nouadhibou,MR,20.931,-17.0347,69.78,88,0,13.8,clear sky
259,Lethem,GY,3.3803,-59.7968,87.35,63,82,2.86,broken clouds
260,Lakes Entrance,AU,-37.8811,147.981,57.16,88,7,8.21,clear sky
261,Kieta,PG,-6.2167,155.6333,80.04,83,81,5.12,broken clouds
262,Asau,RO,46.4333,26.4,38.32,61,5,2.13,clear sky
263,Torbay,CA,47.6666,-52.7314,37.76,91,75,6.91,light shower sleet
264,Tasiilaq,GL,65.6145,-37.6368,46.56,57,100,28.66,overcast clouds
265,Eydhafushi,MV,5.1033,73.0708,81.05,76,95,8.28,overcast clouds
266,Svetlaya,RU,46.5389,138.3297,24.53,79,5,7.38,clear sky
267,Soverato,IT,38.685,16.5499,59.16,88,98,1.14,overcast clouds
268,Talnakh,RU,69.4865,88.3972,-23.6,85,81,4.7,broken clouds
269,Esmeraldas,BR,-19.7625,-44.3139,89.71,53,100,5.3,overcast clouds
270,Taoudenni,ML,22.6783,-3.9836,81.1,14,77,12.71,broken clouds
271,Kaeo,NZ,-35.1,173.7833,58.44,82,10,5.03,clear sky
272,Cap-Aux-Meules,CA,47.3821,-61.8597,44.65,81,100,10.36,overcast clouds
273,Poum,NC,-20.2333,164.0167,75.85,81,66,7.09,broken clouds
274,Port Victoria,KE,0.0939,33.9756,69.67,80,99,4.45,light rain
275,Northam,GB,51.0333,-4.2167,57.61,91,100,13.22,overcast clouds
276,Russell,US,32.3502,-85.1999,52.75,40,0,9.22,clear sky
277,Bambous Virieux,MU,-20.3428,57.7575,72.21,78,20,3.44,few clouds
278,Isangel,VU,-19.55,169.2667,77.83,83,0,5.82,clear sky
279,Dingle,PH,10.9995,122.6711,75.9,93,78,7.0,broken clouds
280,Barwala,IN,29.3833,75.9167,68.4,23,22,3.36,few clouds
281,Hovd,MN,48.0056,91.6419,28.0,45,100,5.41,overcast clouds
282,Pajapan,MX,18.25,-94.7,69.96,85,89,9.78,light rain
283,Geraldton,AU,-28.7667,114.6,55.81,76,3,11.5,clear sky
284,Bandarbeyla,SO,9.4942,50.8122,79.16,73,8,16.98,clear sky
285,Souillac,MU,-20.5167,57.5167,70.18,78,20,3.44,few clouds
286,Cherdyn,RU,60.403,56.4787,22.03,83,96,7.4,overcast clouds
287,Gloucester,GB,51.8657,-2.2431,55.98,88,7,5.99,clear sky
288,Faanui,PF,-16.4833,-151.75,75.13,71,100,4.81,overcast clouds
289,Salalah,OM,17.0151,54.0924,78.89,73,20,4.61,few clouds
290,Sobolevo,RU,54.4299,31.8996,42.37,70,100,13.44,overcast clouds
291,Nanakuli,US,21.3906,-158.1547,79.45,69,40,9.22,scattered clouds
292,Maldonado,UY,-34.6667,-54.9167,73.22,75,100,12.57,overcast clouds
293,Castanos,MX,26.7833,-101.4167,57.34,36,0,6.91,clear sky
294,Panguna,PG,-6.3164,155.4848,69.06,97,84,2.33,broken clouds
295,Aras,ES,42.5617,-2.356,52.75,87,0,1.14,clear sky
296,Port Hardy,CA,50.6996,-127.4199,42.98,87,100,4.61,overcast clouds
297,Olafsvik,IS,64.8945,-23.7142,49.06,75,100,31.41,overcast clouds
298,Sovetskiy,RU,61.3614,63.5842,10.6,94,100,8.95,overcast clouds
299,Los Llanos De Aridane,ES,28.6585,-17.9182,71.13,59,0,8.05,clear sky
300,Margate,GB,51.3813,1.3862,55.31,88,73,1.99,broken clouds
301,Winnemucca,US,40.973,-117.7357,35.65,60,0,8.05,clear sky
302,Englewood,US,39.6478,-104.9878,54.82,17,75,8.05,broken clouds
303,Coromandel,BR,-18.4733,-47.2003,83.61,41,94,6.85,overcast clouds
304,Mehamn,NO,71.0357,27.8492,35.55,80,75,8.05,light rain
305,Cherskiy,RU,68.75,161.3,-17.19,92,100,3.96,overcast clouds
306,Kahului,US,20.8947,-156.47,80.62,74,40,8.05,light rain
307,Santa Ines,BR,-3.6667,-45.38,85.55,65,90,2.24,overcast clouds
308,Ratnagiri,IN,16.9833,73.3,77.32,59,5,6.82,clear sky
309,Chumikan,RU,54.7183,135.315,14.18,84,10,19.86,clear sky
310,Granollers,ES,41.608,2.2877,64.06,78,75,3.44,broken clouds
311,Sisimiut,GL,66.9395,-53.6735,20.32,81,96,7.72,overcast clouds
312,Rawson,AR,-43.3002,-65.1023,72.48,35,99,12.82,overcast clouds
313,Constanza,DE,47.6603,9.1758,43.23,92,6,1.99,clear sky
314,Bad Durkheim,DE,49.4686,8.1664,44.78,71,0,2.8,clear sky
315,Koslan,RU,63.4564,48.8989,19.33,85,100,13.94,overcast clouds
316,Awjilah,LY,29.1081,21.2869,66.6,40,38,7.7,scattered clouds
317,Norman Wells,CA,65.282,-126.8329,10.44,85,20,3.44,few clouds
318,Drovyanaya,RU,51.5833,113.0333,4.51,97,26,2.51,scattered clouds
319,San Patricio,US,28.017,-97.5169,61.93,52,29,8.86,scattered clouds
320,Port Macquarie,AU,-31.4333,152.9167,67.89,89,100,13.73,overcast clouds
321,Ust-Nera,RU,64.5667,143.2,-9.51,99,100,3.09,light snow
322,Rio Cuarto,AR,-33.1307,-64.3499,71.37,43,75,18.41,broken clouds
323,Ambon,ID,-3.6954,128.1814,77.23,15,20,4.61,few clouds
324,Gizo,SB,-8.103,156.8419,81.79,78,100,8.93,light rain
325,Mareeba,AU,-17.0,145.4333,68.72,91,20,1.57,few clouds
326,Narsaq,GL,60.9167,-46.05,44.82,64,100,17.49,overcast clouds
327,Goundam,ML,16.4145,-3.6708,90.63,20,37,4.99,scattered clouds
328,Severomuysk,RU,56.1481,113.4267,-3.28,80,93,1.48,overcast clouds
329,Kudat,MY,6.8837,116.8477,78.73,100,40,0.0,scattered clouds
330,Izazi,TZ,-7.2,35.7333,83.66,34,72,5.93,broken clouds
331,Road Town,VG,18.4167,-64.6167,86.09,84,40,9.22,scattered clouds
332,Raga,SS,8.4596,25.678,77.58,25,91,4.18,overcast clouds
333,Port Lincoln,AU,-34.7333,135.8667,54.46,71,100,23.17,overcast clouds
334,Cidreira,BR,-30.1811,-50.2056,67.91,96,100,13.49,light rain
335,General Bravo,MX,25.8,-99.1667,63.86,32,4,4.88,clear sky
336,Havoysund,NO,70.9963,24.6622,35.83,78,65,7.61,broken clouds
337,Krasnoselkup,RU,65.7,82.4667,-13.76,87,5,9.73,clear sky
338,Najran,SA,17.4924,44.1277,66.85,34,0,3.31,clear sky
339,Batagay-Alyta,RU,67.8006,130.4114,-18.42,97,98,1.54,overcast clouds
340,Caruray,PH,10.3094,119.0128,80.15,88,100,8.01,overcast clouds
341,Salta,AR,-24.7859,-65.4117,76.57,50,40,23.02,scattered clouds
342,Ola,RU,59.5833,151.2833,2.12,93,84,8.21,broken clouds
343,Pangnirtung,CA,66.1451,-65.7125,14.0,67,75,2.3,broken clouds
344,Meulaboh,ID,4.1363,96.1285,74.07,94,100,4.27,overcast clouds
345,Iralaya,HN,15.0,-83.2333,83.08,76,88,11.14,light rain
346,Hofn,IS,64.2539,-15.2082,45.81,91,100,17.81,overcast clouds
347,Chai Badan,TH,15.2,101.1333,76.69,76,85,1.86,overcast clouds
348,Puerto El Triunfo,SV,13.2833,-88.55,92.32,69,10,8.46,clear sky
349,Nago,JP,26.5881,127.9761,72.03,82,64,13.42,broken clouds
350,Cairns,AU,-16.9167,145.7667,73.35,88,49,2.3,scattered clouds
351,Kingisepp,RU,59.3733,28.6134,42.6,69,100,6.06,overcast clouds
352,Brigantine,US,39.4101,-74.3646,54.14,54,20,19.57,few clouds
353,Koygorodok,RU,60.445,50.9968,27.39,93,100,12.33,light snow
354,Miyako,JP,39.6367,141.9525,46.76,65,30,14.63,scattered clouds
355,Pathein,MM,16.7833,94.7333,73.18,84,100,5.95,overcast clouds
356,Petropavlovsk-Kamchatskiy,RU,53.0452,158.6483,12.79,67,0,8.95,clear sky
357,Noumea,NC,-22.2763,166.4572,77.0,99,80,6.87,broken clouds
358,Hulyaypole,UA,47.6653,36.2578,44.92,86,55,9.13,broken clouds
359,Magadan,RU,59.5667,150.8,5.86,95,96,5.86,overcast clouds
360,High Prairie,CA,55.4334,-116.4858,29.98,77,100,8.37,overcast clouds
361,Dryden,CA,49.7833,-92.7503,21.49,63,100,3.44,overcast clouds
362,Lalmohan,BD,22.3384,90.7419,71.37,63,4,9.51,clear sky
363,Vestmanna,FO,62.1564,-7.1664,47.32,100,97,17.27,overcast clouds
364,Olenino,RU,56.2092,33.4889,39.33,67,100,14.0,overcast clouds
365,Akyab,MM,20.15,92.9,72.59,76,1,7.83,clear sky
366,Bilibino,RU,68.0546,166.4372,-17.68,99,100,3.91,overcast clouds
367,Amahai,ID,-3.3333,128.9167,79.14,84,100,2.3,overcast clouds
368,Jambi,ID,-1.6,103.6167,74.52,98,100,2.42,overcast clouds
369,Mandera,KE,3.9366,41.867,86.05,48,57,11.5,broken clouds
370,Troitskoye,RU,52.9821,84.6757,36.46,71,100,19.01,overcast clouds
371,Husavik,IS,66.0449,-17.3389,41.65,96,100,8.52,overcast clouds
372,Nizhniy Kuranakh,RU,58.8353,125.4869,19.2,77,100,9.84,overcast clouds
373,Brae,GB,60.3964,-1.353,53.22,91,57,17.63,broken clouds
374,Belmonte,BR,-15.8631,-38.8828,80.56,72,100,9.86,overcast clouds
375,Yuncheng,CN,35.0231,110.9928,46.67,54,100,0.96,overcast clouds
376,Olinda,BR,-8.0089,-34.8553,82.13,65,75,8.05,broken clouds
377,Pitimbu,BR,-7.4706,-34.8086,81.19,72,18,10.4,few clouds
378,Gazanjyk,TM,39.2446,55.5154,53.13,78,33,11.12,scattered clouds
379,Plettenberg Bay,ZA,-34.0527,23.3716,58.51,83,0,4.36,clear sky
380,Koundara,GN,12.4833,-13.3,81.43,31,65,5.14,broken clouds
381,Pedini,GR,39.5997,20.8433,53.96,72,22,2.3,few clouds
382,Chippewa Falls,US,44.9369,-91.3929,29.17,59,100,5.75,overcast clouds
383,Lerwick,GB,60.1545,-1.1494,51.8,92,34,20.65,scattered clouds
384,Arnedo,ES,42.2167,-2.1,47.7,59,88,7.81,overcast clouds
385,Huinan,CN,42.6225,126.2614,27.27,61,2,1.97,clear sky
386,Canar,EC,-2.55,-78.9333,69.84,85,100,6.85,light rain
387,Pacific Grove,US,36.6177,-121.9166,61.39,56,0,8.99,clear sky
388,Asilah,MA,35.465,-6.0348,64.36,79,19,0.27,few clouds
389,Gerede,TR,40.8008,32.1969,37.08,74,19,2.3,few clouds
390,Gobabis,NA,-22.45,18.9667,72.45,17,0,12.55,clear sky
391,Puerto Madero,MX,14.7208,-92.4215,82.6,94,40,0.0,scattered clouds
392,Impfondo,CG,1.6381,18.0667,71.29,94,100,3.0,overcast clouds
393,Sungaipenuh,ID,-2.0833,101.3833,64.4,98,100,1.7,overcast clouds
394,Anloga,GH,5.7947,0.8973,81.61,75,12,6.26,few clouds
395,Sao Filipe,CV,14.8961,-24.4956,77.61,74,85,8.55,overcast clouds
396,Raudeberg,NO,61.9875,5.1352,53.87,54,15,10.22,few clouds
397,Komaki,JP,35.2833,136.9167,60.62,69,92,11.07,overcast clouds
398,Hermagor,AT,46.6272,13.3672,41.58,93,81,2.35,broken clouds
399,Blackwater,AU,-23.5833,148.8833,69.04,84,97,9.1,overcast clouds
400,Gubkinskiy,RU,64.434,76.5026,-10.91,86,41,11.65,scattered clouds
401,Panaba,MX,21.2833,-88.2667,87.75,45,0,11.97,clear sky
402,Gunnedah,AU,-30.9833,150.25,66.54,94,100,17.6,overcast clouds
403,Mount Isa,AU,-20.7333,139.5,73.17,100,100,3.44,light rain
404,Alofi,NU,-19.0595,-169.9187,78.69,73,84,10.36,broken clouds
405,Ribeira Grande,PT,38.5167,-28.7,64.8,72,40,13.8,scattered clouds
406,Hamilton,US,39.1834,-84.5333,38.44,71,100,6.91,overcast clouds
407,Lamar,US,33.6668,-95.5836,50.99,48,0,5.75,clear sky
408,Ilo,PE,-17.6394,-71.3375,67.96,71,0,8.3,clear sky
409,Puerto Narino,CO,-3.7703,-70.3831,87.93,63,100,1.5,overcast clouds
410,Aasiaat,GL,68.7098,-52.8699,17.56,99,100,3.47,overcast clouds
411,Mudon,MM,16.2578,97.7164,75.63,78,97,3.36,overcast clouds
412,Olavarria,AR,-36.8927,-60.3225,76.32,48,100,9.66,light rain
413,Albury,AU,-36.0833,146.9167,56.32,100,23,8.99,few clouds
414,Sindor,RU,62.8629,51.8905,19.44,93,100,11.74,light snow
415,Presidencia Roque Saenz Pena,AR,-26.7852,-60.4388,78.37,64,13,5.93,moderate rain
416,Necochea,AR,-38.5473,-58.7368,68.7,75,99,11.01,overcast clouds
417,Malinovoye Ozero,RU,51.6753,79.7825,30.99,74,100,14.67,overcast clouds
418,Ritchie,ZA,-29.038,24.6028,58.21,22,0,10.11,clear sky
419,Santa Fe,AR,-31.6333,-60.7,69.94,80,100,1.99,light rain
420,Cervo,ES,43.6702,-7.4101,58.96,84,100,8.52,overcast clouds
421,Shelburne,CA,44.0787,-80.2041,30.9,81,99,13.8,light snow
422,Kalabagh,PK,32.965,71.557,59.65,69,100,12.37,light rain
423,Palauig,PH,15.435,119.9045,80.2,78,69,4.43,broken clouds
424,Hagenow,DE,53.4333,11.1833,48.38,90,71,9.31,broken clouds
425,Torbat-E Jam,IR,35.244,60.6225,41.68,70,0,1.1,clear sky
426,Gravdal,NO,68.1214,13.5031,44.56,85,50,8.75,scattered clouds
427,Korla,CN,41.7597,86.1469,34.93,52,0,2.26,clear sky
428,Qandala,SO,11.472,49.8728,78.19,67,2,5.93,clear sky
429,Saint Anthony,US,45.0205,-93.218,29.66,56,100,5.75,overcast clouds
430,Kommunar,RU,59.6206,30.39,40.55,73,100,7.18,overcast clouds
431,Borda Da Mata,BR,-22.2742,-46.1653,82.65,45,74,4.5,broken clouds
432,Mnogovershinnyy,RU,53.9353,139.9242,7.16,92,30,3.09,scattered clouds
433,Touros,BR,-5.1989,-35.4608,81.68,70,26,13.89,scattered clouds
434,Porangatu,BR,-13.4408,-49.1486,88.25,48,74,2.35,broken clouds
435,Igarka,RU,67.4667,86.5833,-17.99,89,19,6.15,few clouds
436,Tazovskiy,RU,67.4667,78.7,-17.0,91,100,7.23,overcast clouds
437,Erenhot,CN,43.6475,111.9767,25.02,60,0,8.68,clear sky
438,Nyrob,RU,60.733,56.7202,22.1,78,95,8.14,overcast clouds
439,Burnie,AU,-41.0667,145.9167,57.94,96,100,3.65,overcast clouds
440,La Paz,BO,-16.5,-68.15,67.98,19,75,10.36,broken clouds
441,Bangkal,PH,6.0667,121.0667,78.69,87,99,2.01,overcast clouds
442,Andenes,NO,69.3143,16.1194,44.58,87,75,16.11,broken clouds
443,Pemangkat,ID,1.1667,108.9667,78.76,85,100,0.63,overcast clouds
444,Dunedin,NZ,-45.8742,170.5036,50.81,75,100,3.0,overcast clouds
445,Visegrad,BA,43.7847,19.2992,47.8,85,64,2.15,broken clouds
446,Mastic Beach,US,40.7668,-72.8521,54.1,72,100,11.99,overcast clouds
447,Sechura,PE,-5.5569,-80.8222,73.87,57,53,16.53,broken clouds
448,Wapi Pathum,TH,15.8452,103.3768,79.32,75,97,9.42,overcast clouds
449,Tonj,SS,7.2737,28.6822,79.02,30,100,3.24,overcast clouds
450,Vagur,FO,61.4732,-6.8119,49.3,93,100,17.4,overcast clouds
451,Nova Olimpia,BR,-14.7972,-57.2881,87.8,49,94,4.29,overcast clouds
452,Ust-Tsilma,RU,65.441,52.1498,15.37,94,100,6.64,overcast clouds
453,Henties Bay,NA,-22.116,14.2845,59.68,89,0,8.66,clear sky
454,Grande-Synthe,FR,51.0154,2.2998,54.21,46,6,7.2,clear sky
455,Murray Bridge,AU,-35.1167,139.2667,58.12,87,100,26.6,overcast clouds
456,Caldas Novas,BR,-17.7417,-48.625,90.79,31,98,9.01,overcast clouds
457,Ondangwa,NA,-17.9167,15.95,68.0,28,2,0.0,clear sky
458,Edd,ER,13.9297,41.6925,82.85,63,0,18.63,clear sky
459,Shima,CN,24.4478,117.8111,71.62,82,57,3.51,broken clouds
460,Saquena,PE,-4.6667,-73.5167,89.19,59,100,2.28,overcast clouds
461,Kalmunai,LK,7.4167,81.8167,76.51,87,100,3.13,overcast clouds
462,Deputatskiy,RU,69.3,139.9,-24.07,100,100,3.51,overcast clouds
463,Balkanabat,TM,39.5108,54.3671,53.82,86,66,4.74,broken clouds
464,Yeppoon,AU,-23.1333,150.7333,69.58,81,19,8.9,few clouds
465,Phan Thiet,VN,10.9333,108.1,75.9,87,76,6.64,broken clouds
466,Toyooka,JP,35.5333,134.8333,52.93,81,100,9.51,overcast clouds
467,Nabire,ID,-3.3667,135.4833,75.88,93,100,3.89,moderate rain
468,Bondo,CD,3.8146,23.6866,73.24,73,81,1.32,broken clouds
469,Tyup,KG,42.7276,78.3648,28.27,65,7,1.45,clear sky
470,Half Moon Bay,US,37.4636,-122.4286,60.91,47,0,10.36,clear sky
471,Nishihara,JP,26.1842,127.7558,72.68,73,75,18.41,broken clouds
472,Zelenogradsk,RU,54.9589,20.4767,50.05,90,100,6.71,fog
473,Sars,RU,56.5502,57.1366,30.2,95,100,14.81,snow
474,Aklavik,CA,68.2191,-135.0107,12.2,85,75,2.3,broken clouds
475,Banjar,ID,-8.19,114.9675,78.28,90,100,2.66,overcast clouds
476,Bubaque,GW,11.2833,-15.8333,83.23,61,7,9.44,clear sky
477,Trinidad,BO,-14.8333,-64.9,93.18,52,75,17.27,broken clouds
478,Lagoa,PT,39.05,-27.9833,62.42,70,100,21.41,overcast clouds
479,Necocli,CO,8.4234,-76.786,82.54,73,78,6.4,broken clouds
480,Mago,RU,53.2514,140.1822,1.27,97,11,1.77,few clouds
481,Atar,MR,20.5169,-13.0499,82.9,9,0,8.99,clear sky
482,Port Blair,IN,11.6667,92.75,78.78,83,53,8.37,broken clouds
483,Neder Holluf,DK,55.3645,10.4482,49.78,94,97,10.58,overcast clouds
484,Sakakah,SA,29.9697,40.2064,69.37,74,81,10.25,heavy intensity rain
485,Hualmay,PE,-11.0964,-77.6139,68.5,71,65,10.31,broken clouds
486,Las Guacamayas,MX,18.0167,-102.2167,85.26,66,10,7.36,clear sky
487,Phonhong,LA,18.5007,102.4166,73.17,82,23,1.95,few clouds
488,Novokizhinginsk,RU,51.6115,109.5917,9.19,95,15,3.74,few clouds
489,Ibotirama,BR,-12.1853,-43.2206,91.65,35,17,2.8,few clouds
490,Ribeira Brava,PT,32.65,-17.0667,72.72,86,92,3.06,overcast clouds
491,Mahebourg,MU,-20.4081,57.7,71.26,78,20,3.44,few clouds
492,Pauini,BR,-7.7136,-66.9764,95.04,39,59,3.44,broken clouds
493,Begoro,GH,6.3871,-0.3774,72.79,89,100,3.8,overcast clouds
494,Anito,PH,12.4497,125.2886,79.27,89,96,9.8,overcast clouds
495,Qui Nhon,VN,13.7667,109.2333,74.91,91,100,7.4,overcast clouds
496,Tateyama,JP,34.9833,139.8667,64.33,55,40,17.27,scattered clouds
497,Kushiro,JP,42.975,144.3747,39.99,70,24,25.37,few clouds
498,Urumqi,CN,43.801,87.6005,29.35,86,6,4.47,clear sky
499,Formosa Do Rio Preto,BR,-11.0483,-45.1931,86.85,49,90,3.33,overcast clouds
500,Weihe,CN,32.9952,105.3247,38.8,74,13,4.23,few clouds
501,Kushima,JP,31.4583,131.2333,58.15,87,6,6.42,clear sky
502,Clarence Town,AU,-32.5833,151.7833,69.98,97,95,3.11,moderate rain
503,Boa Vista,BR,2.8197,-60.6733,91.38,49,40,8.05,scattered clouds
504,Nelson Bay,AU,-32.7167,152.15,70.11,96,59,11.99,light rain
505,Virginia Beach,US,36.8529,-75.978,57.24,52,20,20.71,few clouds
506,Karachi,PK,24.9056,67.0822,76.82,83,40,5.75,smoke
507,Lamu,KE,-2.2717,40.902,79.02,83,21,9.35,few clouds
508,Kasongo-Lunda,CD,-6.4667,16.8167,73.17,85,100,1.41,overcast clouds
509,Taphan Hin,TH,16.2209,100.4198,74.89,87,54,4.41,broken clouds
510,Yakeshi,CN,49.2833,120.7333,3.13,99,59,1.9,broken clouds
511,Cheney,US,47.4874,-117.5758,31.24,89,100,6.91,mist
512,Rio De Janeiro,BR,-22.9028,-43.2075,85.95,72,20,14.97,few clouds
513,Saint-Augustin,CA,51.226,-58.6502,30.11,50,93,4.54,overcast clouds
514,Vilyuysk,RU,63.7553,121.6247,-22.45,99,100,5.86,overcast clouds
515,Mikkeli,FI,61.6886,27.2723,37.51,81,100,2.3,overcast clouds
516,Muros,ES,42.7762,-9.0603,59.68,92,100,9.64,overcast clouds
517,Coburg,DE,50.2667,10.9667,46.78,70,0,1.01,clear sky
518,Along,IN,28.1667,94.7667,55.71,76,5,1.95,clear sky
519,Caucaia,BR,-3.7361,-38.6531,88.3,74,20,14.97,few clouds
520,Lapithos,CY,35.3375,33.1792,59.29,49,0,4.94,clear sky
521,Veraval,IN,20.9,70.3667,77.81,60,5,6.64,clear sky
522,Sandwick,GB,60.0,-1.25,51.62,100,100,12.66,mist
523,Itarema,BR,-2.9248,-39.9167,83.16,70,4,18.61,clear sky
524,Finnsnes,NO,69.2296,17.9811,34.41,99,100,5.3,light snow
525,San Juan De Los Morros,VE,9.9115,-67.3538,80.15,78,96,0.31,overcast clouds
526,Soe,ID,-9.8607,124.284,68.11,91,100,2.98,overcast clouds
527,Eureka,US,40.8021,-124.1637,53.2,89,0,3.0,clear sky
528,Baykit,RU,61.67,96.37,2.62,95,100,8.16,light snow
529,Caracollo,PE,-14.9165,-70.6603,67.77,4,68,3.51,broken clouds
530,Sorong,ID,-0.8833,131.25,80.13,82,100,5.08,overcast clouds
531,Broken Hill,AU,-31.95,141.4333,56.21,66,84,21.27,broken clouds
532,Yar-Sale,RU,66.8333,70.8333,-0.6,90,100,8.41,overcast clouds
533,Marsh Harbour,BS,26.5412,-77.0636,79.29,70,52,6.78,broken clouds
534,Scarborough,GB,54.2797,-0.4044,53.17,93,100,5.01,overcast clouds
535,Sassandra,CI,4.95,-6.0833,78.58,83,75,6.17,broken clouds
536,Suluq,LY,31.6682,20.2521,65.32,51,0,4.43,clear sky
537,Dickinson,US,29.4608,-95.0513,60.08,51,0,12.66,clear sky
538,Waingapu,ID,-9.6567,120.2641,80.49,84,100,2.46,overcast clouds
539,Jakar,BT,27.5492,90.7525,37.29,91,7,3.96,clear sky
540,Itoman,JP,26.1247,127.6694,73.42,73,75,18.41,broken clouds
541,Litovko,RU,49.2361,135.1742,17.2,92,11,3.18,few clouds
542,Coahuayana,MX,18.7333,-103.6833,86.5,57,9,5.5,clear sky
543,Oktyabrskoye,RU,43.0645,44.7417,39.34,81,3,8.95,heavy snow
544,Pak Phanang,TH,8.3511,100.202,79.21,83,100,1.57,moderate rain
545,Alindao,CF,5.0267,21.2088,73.96,60,93,1.25,overcast clouds
546,Catuday,PH,16.2923,119.8062,79.03,79,18,10.38,few clouds
547,Samarai,PG,-10.6167,150.6667,81.01,80,100,7.99,overcast clouds
548,Srandakan,ID,-7.9386,110.2506,76.35,91,100,2.89,overcast clouds
549,Codrington,AU,-38.2667,141.9667,51.22,96,93,11.97,light rain
550,Marawi,PH,7.9986,124.2928,68.05,94,71,1.3,broken clouds
551,Hervey Bay,AU,-25.2986,152.8535,72.21,75,75,14.56,broken clouds
552,Ilulissat,GL,69.2167,-51.1,28.42,64,100,0.0,overcast clouds
553,Sept-Iles,CA,50.2001,-66.3821,28.06,91,100,8.05,overcast clouds
554,Nhulunbuy,AU,-12.2333,136.7667,77.61,94,6,4.61,clear sky
555,Florianopolis,BR,-27.6146,-48.5012,78.55,73,40,13.8,scattered clouds
556,Neiafu,TO,-18.65,-173.9833,78.28,82,100,17.6,light rain
557,Namibe,AO,-15.1961,12.1522,68.36,71,7,8.21,clear sky
558,Dali,CN,25.7,100.1833,48.42,84,5,3.38,clear sky
559,Xichang,CN,27.8964,102.2634,49.14,87,7,1.57,clear sky
560,Egvekinot,RU,66.3167,-179.1667,-3.15,84,30,3.0,scattered clouds
561,Redlands,US,34.0556,-117.1825,61.97,46,20,10.36,few clouds
562,Nowogard,PL,53.6744,15.1163,50.97,87,100,10.36,overcast clouds
563,Atbasar,KZ,51.8,68.3333,32.63,97,100,24.14,snow
564,Bogorodskoye,RU,56.55,37.8833,36.37,70,100,16.49,overcast clouds
565,Ust-Omchug,RU,61.15,149.6333,-16.64,96,85,2.15,overcast clouds
566,Seymchan,RU,62.8833,152.4333,-34.46,100,56,1.25,broken clouds
567,Karaton,ID,-6.3424,106.1045,73.9,97,100,4.29,overcast clouds
568,Totskoye,RU,52.5248,52.7623,38.21,96,100,22.64,overcast clouds
569,Romny,UA,50.751,33.4747,43.0,75,100,11.07,overcast clouds
570,Tonantins,BR,-2.8731,-67.8022,86.94,69,100,1.3,light rain
571,Barra Do Corda,BR,-5.5,-45.25,83.32,67,100,2.01,overcast clouds
572,Patitirion,GR,39.15,23.8667,56.37,68,62,11.05,broken clouds
573,Mogadishu,SO,2.0371,45.3438,79.14,80,20,9.71,few clouds
574,Zyryanka,RU,65.75,150.85,-27.83,96,30,7.11,scattered clouds
575,Tabou,CI,4.423,-7.3528,78.96,82,98,7.0,overcast clouds
576,Axim,GH,4.8699,-2.2405,78.8,82,100,6.15,overcast clouds
577,San Vicente,AR,-26.6167,-54.1333,68.32,75,100,3.04,overcast clouds
578,Yabrud,SY,33.9674,36.6574,53.47,56,64,2.3,broken clouds
579,Rodrigues Alves,BR,-7.738,-72.6509,93.4,50,100,3.4,overcast clouds
580,Haines Junction,CA,60.7522,-137.5108,33.75,60,100,4.61,overcast clouds
581,Altamira,BR,-3.2033,-52.2064,91.49,58,20,3.44,few clouds
582,Ofaqim,IL,31.3141,34.6203,69.96,64,0,0.49,clear sky
583,Lompoc,US,34.6391,-120.4579,64.85,49,0,10.36,clear sky
584,Naryan-Mar,RU,67.6713,53.087,20.08,86,98,17.63,overcast clouds
585,Ambilobe,MG,-13.2,49.05,73.63,84,0,3.49,clear sky
586,Fare,PF,-16.7,-151.0167,74.89,73,100,0.94,overcast clouds
587,Mandvi,IN,22.8333,69.3667,78.19,45,0,5.75,clear sky
588,Jumla,NP,29.2747,82.1838,43.43,43,75,3.83,broken clouds
589,Bedesa,ET,8.9,40.7833,61.02,54,5,3.62,clear sky
590,Khyriv,UA,49.5333,22.8524,39.63,93,21,3.09,few clouds
591,Dobrun,RU,53.1851,34.2462,42.87,65,73,13.42,broken clouds
592,Ban Nahin,LA,18.2418,104.2122,71.04,89,18,3.67,few clouds
593,Vila Franca Do Campo,PT,37.7167,-25.4333,63.19,77,100,7.02,overcast clouds
594,Ust-Ishim,RU,57.6935,71.1665,32.67,98,100,7.96,light snow
595,Omboue,GA,-1.5746,9.2618,76.33,89,94,8.21,overcast clouds
596,Hinjilikatu,IN,19.4833,84.75,66.13,77,2,2.84,clear sky
597,Tari,NG,12.4086,4.4914,81.0,21,3,10.0,clear sky
598,Takoradi,GH,4.8845,-1.7554,79.29,80,100,5.66,light rain
599,College,US,64.8569,-147.8028,23.32,85,75,6.91,broken clouds
600,Paamiut,GL,61.994,-49.6678,32.81,79,100,18.1,overcast clouds
601,Kodinsk,RU,58.6881,99.1844,27.66,97,100,3.27,snow
602,Athmallik,IN,20.7219,84.5348,63.9,69,2,0.78,clear sky
603,Ville-Marie,CA,47.3335,-79.433,27.0,52,100,10.89,overcast clouds
604,Praia Da Vitoria,PT,38.7333,-27.0667,61.75,82,75,9.91,broken clouds
605,Pimenta Bueno,BR,-11.6725,-61.1936,90.86,43,77,5.77,broken clouds
606,Olden,NO,61.8364,6.8064,48.94,81,100,8.5,overcast clouds
607,Sur,OM,22.5667,59.5289,78.98,50,1,8.77,clear sky
608,Kaduna,NG,10.5222,7.4383,74.73,27,39,7.74,scattered clouds
609,Chapais,CA,49.7834,-74.8492,22.78,83,100,5.73,overcast clouds
610,Atherton,GB,53.5237,-2.4935,52.9,83,0,3.0,clear sky
611,Ossora,RU,59.2353,163.0719,21.42,83,100,6.11,overcast clouds
612,Dubbo,AU,-32.25,148.6167,62.73,94,100,8.05,overcast clouds
613,Suarez,CO,2.954,-76.6964,74.1,82,87,4.25,overcast clouds
614,Tigre,AR,-34.426,-58.5796,77.14,75,100,2.3,light rain
615,Yuzhnyy,RU,53.2542,83.6936,34.18,75,75,20.13,broken clouds
616,Dwarka,IN,22.2394,68.9678,78.55,56,0,9.33,clear sky
617,Pasni,PK,25.2631,63.471,78.89,75,0,9.37,clear sky
618,Innisfail,AU,-17.5333,146.0333,72.95,83,42,3.96,scattered clouds
619,Peno,RU,56.9262,32.7426,39.2,73,100,10.4,overcast clouds
620,Guerrero Negro,MX,27.9769,-114.0611,67.77,51,4,16.31,clear sky
621,Cambrils,ES,41.0748,1.0524,65.05,83,75,0.0,broken clouds
622,Gulf Gate Estates,US,27.2517,-82.5147,81.25,65,20,11.01,few clouds
623,Nova Olinda Do Norte,BR,-3.8881,-59.0942,99.28,30,99,3.91,overcast clouds
624,Alice Springs,AU,-23.7,133.8833,60.35,41,0,5.75,clear sky
625,Turukhansk,RU,65.8167,87.9833,-6.12,73,50,13.96,scattered clouds
626,Alma,CA,48.5501,-71.6491,37.09,87,99,1.52,overcast clouds
627,Santa Cruz,BO,-17.8,-63.1667,91.45,55,40,27.63,scattered clouds
628,Buala,SB,-8.145,159.5921,80.17,76,67,3.76,broken clouds
629,Hay River,CA,60.8156,-115.7999,31.98,64,20,9.22,few clouds
630,Stornoway,GB,58.2093,-6.3865,56.93,83,99,12.66,overcast clouds
631,Aykhal,RU,66.0,111.5,-27.62,100,95,5.75,overcast clouds
632,Saint-Francois,FR,46.4154,3.9054,45.84,100,0,2.3,clear sky
633,Grenville,GD,12.1167,-61.6167,86.05,81,60,12.3,broken clouds
634,Oudtshoorn,ZA,-33.5907,22.2014,55.76,72,0,2.98,clear sky
635,Staryy Nadym,RU,65.6118,72.6842,-8.19,85,80,9.62,broken clouds
636,Adrar,MR,20.5022,-10.0711,77.59,12,7,8.77,clear sky
637,Kutum,SD,14.2,24.6667,67.98,24,0,10.96,clear sky
638,Mahibadhoo,MV,3.7833,72.9667,80.96,75,99,13.42,light rain
639,Puerto Escondido,MX,15.85,-97.0667,86.83,58,20,8.05,few clouds
640,Vanderhoof,CA,54.0166,-124.0198,30.97,83,88,1.54,overcast clouds
641,Honningsvag,NO,70.9821,25.9704,35.35,87,75,5.75,broken clouds
642,Laem Sing,TH,12.4816,102.0738,83.01,85,97,5.14,overcast clouds
643,Otane,NZ,-39.8833,176.6333,60.01,91,100,3.51,overcast clouds
644,Mulanje,MW,-16.0316,35.5,79.2,49,94,3.27,overcast clouds
645,Teya,RU,60.3778,92.6267,21.43,96,100,3.42,snow
646,Dalby,AU,-27.1833,151.2667,67.98,77,100,3.0,overcast clouds
647,Yerbogachen,RU,61.2767,108.0108,-11.94,87,100,7.2,overcast clouds
648,La Palma Del Condado,ES,37.3861,-6.5523,65.07,85,100,4.12,overcast clouds
649,Havelock,US,34.8791,-76.9013,62.55,73,100,16.11,overcast clouds
650,Bang Saphan,TH,11.2126,99.5117,75.54,90,98,3.56,overcast clouds
651,Stilfontein,ZA,-26.8449,26.7683,65.71,42,5,4.47,clear sky
652,Aripuana,BR,-9.1667,-60.6333,95.65,32,79,3.11,broken clouds
653,Bani Walid,LY,31.7566,13.9942,64.92,47,9,7.25,clear sky
654,Thunder Bay,CA,48.4001,-89.3168,28.38,68,100,6.91,overcast clouds
655,Maragogi,BR,-9.0122,-35.2225,79.41,77,20,8.19,few clouds
656,Torres,BR,-29.3353,-49.7269,77.83,95,100,10.58,light rain
657,Solotcha,RU,54.7917,39.8442,38.68,71,100,17.11,overcast clouds
658,Carutapera,BR,-1.195,-46.02,82.26,70,45,9.53,scattered clouds
659,Coos Bay,US,43.3665,-124.2179,51.24,71,0,0.0,clear sky
660,Narasannapeta,IN,18.4167,84.05,70.09,75,0,6.15,clear sky
661,Sinnamary,GF,5.3833,-52.95,79.74,83,100,11.86,moderate rain
662,Aanekoski,FI,62.6946,25.818,37.47,100,7,2.21,clear sky
663,Nikitinskiy,RU,54.5845,86.0115,33.26,90,100,18.57,light snow
664,Alyangula,AU,-13.8483,136.4192,82.69,76,13,6.06,few clouds
665,Monteiro,BR,-7.8894,-37.12,81.57,52,64,10.2,broken clouds
666,Frantiskovy Lazne,CZ,50.1203,12.3517,42.31,81,0,8.68,clear sky
667,Camacupa,AO,-12.0167,17.4833,69.21,49,99,3.6,overcast clouds
668,Tecoanapa,MX,16.5167,-98.75,84.7,67,7,7.14,clear sky
669,Adelaide,AU,-34.9333,138.6,58.48,90,75,31.07,light intensity shower rain
670,Progreso,MX,21.2833,-89.6667,90.1,64,1,10.29,clear sky
671,Hirara,JP,24.8,125.2833,76.55,79,100,21.09,overcast clouds
672,Honavar,IN,14.2833,74.45,77.23,79,100,5.66,overcast clouds
673,Sorland,NO,67.667,12.6934,46.26,84,100,16.13,overcast clouds
674,Amapa,BR,1.0,-52.0,80.96,79,100,2.71,overcast clouds
675,Wladyslawowo,PL,54.7909,18.4009,53.94,86,89,7.27,overcast clouds
676,Rafai,CF,4.95,23.9167,71.15,69,6,1.3,clear sky
677,Chara,RU,56.9064,118.2631,5.7,73,94,1.54,overcast clouds
678,Lagunas,PE,-5.2269,-75.6753,90.93,45,100,4.23,overcast clouds
679,Tucumcari,US,35.1717,-103.725,58.95,30,0,19.57,clear sky
680,Vrangel,RU,42.7297,133.0839,30.51,66,0,4.23,clear sky
681,Bull Savanna,JM,17.8868,-77.5902,79.7,73,52,2.89,light rain
682,Wonthaggi,AU,-38.6044,145.5913,56.82,92,100,21.92,moderate rain
683,Ferme-Neuve,CA,46.7001,-75.4493,32.65,49,100,8.3,overcast clouds
684,Aksarka,RU,66.5606,67.7975,-1.39,91,100,7.43,overcast clouds
685,Haapiti,PF,-17.5667,-149.8667,78.53,79,100,3.2,overcast clouds
686,Baiao,BR,-2.7906,-49.6717,84.54,67,98,2.42,overcast clouds
687,Safita,SY,34.8205,36.1153,64.15,46,0,12.64,clear sky
688,Santa Helena De Goias,BR,-17.8136,-50.5969,84.24,44,87,5.84,overcast clouds
689,Paraiso,CR,9.8383,-83.8656,74.26,89,81,3.71,broken clouds
690,Phek,IN,25.6667,94.5,43.5,99,18,1.39,few clouds
691,Benguela,AO,-12.5763,13.4055,74.17,66,7,4.68,clear sky
692,Kaka,TM,37.3482,59.6143,47.88,63,3,2.89,clear sky
693,Goure,NE,13.9835,10.2704,75.58,18,7,10.29,clear sky
694,Ucluelet,CA,48.9329,-125.5528,47.08,83,1,3.09,clear sky
695,Egyek,HU,47.6333,20.9,42.98,78,4,5.57,clear sky
696,Gazojak,TM,41.1875,61.4036,48.49,61,63,20.98,broken clouds
697,Conakry,GN,9.538,-13.6773,80.67,89,40,2.3,scattered clouds
698,Christchurch,NZ,-43.5333,172.6333,59.92,79,100,2.3,overcast clouds
699,Isiro,CD,2.7739,27.616,66.09,95,87,2.33,overcast clouds
700,Moose Factory,CA,51.2585,-80.6094,28.4,86,100,11.5,overcast clouds
701,Effingham,US,32.3669,-81.3332,60.75,55,67,7.76,broken clouds
702,Umm Kaddadah,SD,13.6017,26.6876,74.08,17,12,13.0,few clouds
